strainName,TestNumber,-60,-59,-58,-57,-56,-55,-54,-53,-52,-51,-50,-49,-48,-47,-46,-45,-44,-43,-42,-41,-40,-39,-38,-37,-36,-35,-34,-33,-32,-31,-30,-29,-28,-27,-26,-25,-24,-23,-22,-21,-20,-19,-18,-17,-16,-15,-14,-13,-12,-11,-10,-9,-8,-7,-6,-5,-4,-3,-2,-1,0,1,2,3,4,5,6,7,8,9,10,11,12,13,14,15,16,17,18,19,20,21,22,23,24,25,26,27,28,29,30,31,32,33,34,35,36,37,38,39,40,41,42,43,44,45,46,47,48,49,50,51,52,53,54,55,56,57,58,59,60,61,62,63,64,65,66,67,68,69,70,71,72,73,74,75,76,77,78,79,80,81,82,83,84,85,86,87,88,89,90,91,92,93,94,95,96,97,98,99,100,101,102,103,104,105,106,107,108,109,110,111,112,113,114,115,116,117,118,119,120
C57BL/6J,1,9.146,7.627,6.631,7.363,6.961,6.924,6.002,5.717,6.253,5.493,5.782,6.06,5.979,5.086,5.764,5.925,6.653,5.024,5.229,5.325,5.484,5.732,5.545,5.365,4.82,4.584,5.216,5.124,5.043,6.067,5.708,5.295,5.413,3.938,4.169,5.354,4.631,4.204,4.521,5.207,4.944,4.545,4.678,5.11,4.775,4.143,4.495,5.057,4.983,5.379,5.866,5.315,5.886,4.462,5.094,5.36,4.023,4.237,5.225,10.566,10.44,3.286,3.484,4.087,3.83,3.347,2.271,3.382,3.575,3.869,3.563,3.756,3.535,3.474,3.269,3.335,4.186,3.614,3.729,3.373,3.051,3.257,3.856,3.463,2.824,3.399,4.065,4.567,3.926,3.942,3.645,2.992,2.484,2.46,2.999,3.966,2.738,2.337,2.585,2.926,3.292,2.99,3.155,2.747,2.498,2.516,2.342,2.333,2.023,1.78,2.209,2.276,2.407,3.234,2.953,3.007,3.023,2.437,2.578,2.193,1.343,0.868,1.566,2.711,2.859,3.012,2.96,3.373,1.069,0,0,0,0,0,0,0,0,0,0,0,0,0,0,0,0,0,0,0,0,0,0,0,0,0,0,0,0,0,0,0,0,0,0,0,0,0,0,0,0,0,0,0,0,0,0,0,0,0,0,0,0
C57BL/6J,2,3.869,4.432,3.036,3.738,4.495,3.994,4.478,4.683,4.272,4.519,4.531,4.077,4.715,4.56,4.455,4.061,3.392,3.336,3.942,5.435,4.504,4.513,4.622,5.324,4.686,3.579,4.306,3.927,3.995,3.659,3.96,4.581,4.936,4.846,4.472,5.985,5.4,5.745,5.717,4.876,5.9,5.118,4.783,4.489,5.245,4.549,5.046,4.948,4.208,5.458,5.107,4.865,4.861,4.185,4.518,4.982,4.061,4.624,4.293,7.942,9.973,3.871,3.289,2.679,2.408,3.297,3.453,3.649,3.7,3.707,3.353,2.598,2.868,2.285,3.394,3.122,3.087,3.585,3.471,3.318,2.865,3.193,2.969,2.434,1.875,1.774,2.042,2.134,3.626,3.898,3.931,3.793,3.079,2.91,2.692,2.25,2.405,1.788,1.544,1.052,2.473,2.886,2.79,3.346,3.214,3.743,3.043,3.548,3.499,3.04,2.382,3.105,3.389,2.799,2.848,2.668,2.212,1.703,1.035,1.31,2.406,2.867,3.224,2.697,2.785,2.631,2.354,2.377,1.531,0,0,0,0,0,0,0,0,0,0,0,0,0,0,0,0,0,0,0,0,0,0,0,0,0,0,0,0,0,0,0,0,0,0,0,0,0,0,0,0,0,0,0,0,0,0,0,0,0,0,0,0
C57BL/6J,3,5.944,6.058,5.541,6.769,6.615,6.473,6.73,5.324,6.237,6.734,6.534,5.306,6.678,5.971,5.76,6.019,5.706,6.365,5.866,5.711,4.153,5.12,5.44,5.779,4.612,3.619,5.569,3.96,3.347,3.909,2.931,3.93,4.136,4.085,3.68,3.971,3.324,3.163,2.72,2.717,2.654,3.687,3.778,3.315,3.774,3.876,3.345,3.311,3.448,2.769,2.801,2.423,2.882,3.551,3.223,3.646,3.236,3.202,4.052,5.9,12.695,3.638,2.133,3.267,3.074,3.597,2.727,1.784,2.188,2.298,2.609,3.11,2.979,2.545,2.964,2.394,2.307,1.783,1.64,1.582,1.347,1.382,2.045,1.466,1.947,1.499,2.652,2.458,2.574,2.04,1.905,1.228,0.981,1.813,0.401,0.539,0.235,0.581,0.958,1.255,1.392,1.66,1.427,1.545,1.548,1.616,1.452,1.958,1.911,1.462,1.812,1.644,1.461,1.867,1.094,1.421,2.051,1.613,1.371,1.82,2.051,1.798,1.793,1.768,2.063,2.877,2.125,1.86,0.448,0,0,0,0,0,0,0,0,0,0,0,0,0,0,0,0,0,0,0,0,0,0,0,0,0,0,0,0,0,0,0,0,0,0,0,0,0,0,0,0,0,0,0,0,0,0,0,0,0,0,0,0
C57BL/6J,4,6.173,6.692,7.144,6.739,7.482,7.711,6.973,7.03,5.999,4.999,6.563,6.956,5.941,4.918,5.966,6.406,6.253,6.157,5.145,4.715,5.29,4.823,5.224,5.47,4.756,5.299,5.12,4.77,4.682,4.658,4.738,4.778,4.268,3.951,3.693,3.394,3.911,3.707,4.536,3.813,4.656,3.034,2.152,2.943,4.363,5.103,4.33,4.543,4.433,3.278,2.99,2.029,2.458,1.998,2.548,3.755,2.618,1.546,2.274,5.854,7.296,3.305,2.454,3.633,2.95,3.678,2.631,3.118,2.959,2.915,2.064,2.633,3.05,2.191,1.386,1.561,1.957,1.755,2.01,2.641,3.414,4.559,4.523,4.261,4.471,3.74,3.815,2.052,1.937,1.665,0.97,1.519,1.116,0.439,0.772,0.754,1.15,1.207,1.699,1.872,2.267,2.159,1.228,1.343,1.779,1.968,2.442,2.291,2.28,1.568,1.504,1.654,0.502,1.035,1.061,2.415,2.772,3.037,2.968,2.503,3.081,3.226,2.413,2.398,2.054,2.605,2.276,2.438,0.943,0,0,0,0,0,0,0,0,0,0,0,0,0,0,0,0,0,0,0,0,0,0,0,0,0,0,0,0,0,0,0,0,0,0,0,0,0,0,0,0,0,0,0,0,0,0,0,0,0,0,0,0
C57BL/6J,5,6.933,8.222,7.705,7.955,6.853,7.063,7.054,6.463,6.562,5.633,4.972,4.836,5.557,4.298,4.69,4.756,4.816,3.822,4.338,4.677,3.547,3.912,4.353,4.781,4.411,4.113,4.256,4.074,4.222,4.014,3.124,2.388,2.671,3.613,2.016,2.092,3.753,2.566,2.857,2.415,2.728,2.79,3.044,3.329,2.917,2.237,2.074,2.42,2.436,2.215,2.496,3.015,2.762,3.393,2.863,3.042,3.183,3.659,2.518,5.075,8.793,4.523,5.031,7.965,7.463,7.321,8.641,8.349,9.267,9.612,10.488,8.571,8.59,9.484,9.117,8.283,7.595,6.361,5.906,5.007,6.069,4.823,4.376,5.427,4.368,3.793,3.938,3.649,3.739,3.402,2.719,3.193,2.671,2.972,2.806,4.201,3.544,4.137,3.928,3.705,4.964,5.418,4.678,3.417,3.692,2.973,4.179,3.281,3.076,2.337,2.049,2.396,2.344,2.391,3.074,2.384,1.696,1.253,1.464,1.523,1.521,1.751,2.115,2.952,2.958,3.118,2.009,3.179,2.644,0,0,0,0,0,0,0,0,0,0,0,0,0,0,0,0,0,0,0,0,0,0,0,0,0,0,0,0,0,0,0,0,0,0,0,0,0,0,0,0,0,0,0,0,0,0,0,0,0,0,0,0
C57BL/6J,6,8.004,6.724,6.604,6.784,6.172,6.708,6.367,5.901,5.768,5.205,5.512,5.45,6.229,5.991,5.499,5.184,4.468,5.459,5.422,4.948,4.679,4.278,5.007,5.269,4.692,4.557,4.046,3.662,4.171,5.059,4.05,4.291,4.563,2.892,2.917,2.986,3.35,4.501,3.771,4.377,4.066,4.386,4.192,3.687,2.796,3.606,3.146,2.112,3.682,4.963,3.995,4.028,3.548,3.075,3.329,2.968,3.285,1.379,2.957,5.585,10.053,10.151,11.928,12.131,12.435,12.567,11.939,10.867,9.751,8.477,7.444,7.173,7.328,7.825,8.177,5.149,5.141,3.066,4.235,7.086,6.511,7.347,4.244,3.933,2.87,3.402,3.581,3.4,3.955,2.575,1.837,4.792,3.189,3.661,2.328,2.698,3.363,2.759,2.192,1.903,1.804,2.23,3.259,3.107,1.966,2.739,2.407,2.133,1.578,1.133,1.365,2.287,2.661,2.847,2.68,2.835,2.467,2.14,2.803,2.767,3.045,3.995,2.923,2.896,3.738,3.907,2.942,3.389,2.372,0,0,0,0,0,0,0,0,0,0,0,0,0,0,0,0,0,0,0,0,0,0,0,0,0,0,0,0,0,0,0,0,0,0,0,0,0,0,0,0,0,0,0,0,0,0,0,0,0,0,0,0
C57BL/6J,7,7.111,8.654,7.827,7.752,8.313,9.208,7.343,6.062,5.655,5.444,4.468,5.27,5.659,4.219,4.394,4.662,4.364,4.139,3.94,4.026,3.725,5.074,4.562,4.142,3.331,3.624,3.344,2.73,3.815,3.505,3.82,2.902,3.569,3.739,4.263,4.528,3.764,3.138,2.042,2.581,1.769,1.898,1.023,2.09,2.281,3.067,2.516,2.525,3.262,3.369,4.655,3.521,3.126,4.245,2.757,3.168,3.322,3.19,2.931,6.278,12.378,10.829,14.968,16.388,16.151,14.603,13.037,12.255,11.181,8.792,6.522,7.06,6.476,6.37,4.991,4.644,5.746,4.985,4.011,2.286,1.968,2.725,3.39,4.895,3.454,3.063,3.352,1.935,2.464,1.912,2.225,1.738,2.025,1.982,1.941,1.94,1.362,0.773,1.763,0.882,0.567,1.263,1.734,1.479,1.751,1.643,2.439,2.068,2.626,2.926,1.602,1.856,2.001,1.983,1.691,1.559,0.997,1.227,1.375,1.479,1.437,1.449,1.715,2.077,2.983,2.517,1.877,1.761,1.134,0,0,0,0,0,0,0,0,0,0,0,0,0,0,0,0,0,0,0,0,0,0,0,0,0,0,0,0,0,0,0,0,0,0,0,0,0,0,0,0,0,0,0,0,0,0,0,0,0,0,0,0
C57BL/6J,8,8.621,6.864,7.029,7.41,8.876,8.442,6.333,5.59,5.273,5.369,5.542,4.854,3.291,4.224,4.961,4.612,5.52,4.587,2.96,3.323,3.946,3.939,5.191,4.442,4.189,4.345,3.93,2.614,3.802,3.139,4.05,3.245,3.538,3.143,1.647,1.123,2.163,1.848,3.18,3.003,2.801,3.759,2.515,2.573,2.526,1.617,0.722,0.843,1.486,1.857,1.903,3.353,3.664,2.068,2.161,2.703,2.609,1.762,1.028,6.108,14.41,7.641,12.36,14.565,14.276,13.737,12.541,11.548,8.176,8.815,7.495,5.793,7.402,5.721,3.796,2.604,2.743,2.81,3.647,4.527,3.907,3.359,2.451,2.419,2.272,3.586,3.307,2.702,2.608,2.165,2.286,1.978,1.922,2.544,2.935,2.625,1.428,1.694,1.614,1.308,1.072,1.38,1.449,1.95,1.661,1.835,1.974,2.446,1.658,1.347,1.503,2.269,2.363,1.661,1.936,3.069,1.801,1.8,2.597,1.799,1.966,2.138,2.018,1.794,1.434,0.908,0.969,1.939,1.363,0,0,0,0,0,0,0,0,0,0,0,0,0,0,0,0,0,0,0,0,0,0,0,0,0,0,0,0,0,0,0,0,0,0,0,0,0,0,0,0,0,0,0,0,0,0,0,0,0,0,0,0
C57BL/6J,9,7.873,8.713,7.76,8.122,7.499,7.152,7.08,7.009,6.169,5.44,4.903,5.123,4.689,4.554,5.081,5.297,4.529,4.751,3.526,4.285,4.702,4.016,4.617,3.843,4.358,3.907,4.179,3.783,3.221,4.167,3.097,2.668,2.614,2.644,3.557,2.962,2.471,1.719,2.552,2.423,2.531,2.856,3.781,4.866,6.075,6.496,6.513,5.736,4.163,4.239,3.271,3.044,2.562,2.562,2.342,2.702,2.621,1.95,2.148,10.576,13.91,12.143,17.758,20.033,19.696,20.045,17.707,15.582,10.991,9.293,8.121,8.414,9.629,9.78,8.216,7.916,6.815,5.14,5.437,5.087,5.014,6.148,6.57,4.913,4.131,3.892,4.406,3.789,3.636,2.347,2.64,2.861,2.596,2.279,3.139,2.463,2.363,2.765,2.411,3.275,2.404,2.765,2.35,1.661,1.209,1.53,1.95,1.34,0.963,1.411,1.328,0.793,1.642,1.382,2.03,1.598,1.702,1.736,2.413,2.884,3.758,3.91,3.957,4.403,4.841,3.758,2.4,3.333,1.929,0,0,0,0,0,0,0,0,0,0,0,0,0,0,0,0,0,0,0,0,0,0,0,0,0,0,0,0,0,0,0,0,0,0,0,0,0,0,0,0,0,0,0,0,0,0,0,0,0,0,0,0
C57BL/6J,10,8.458,8.862,8.516,9.049,7.406,8.613,8.904,7.936,5.857,6.865,5.855,5.464,5.194,6.898,6.091,5.204,4.521,5.492,5.378,4.527,4.579,4.005,5.352,4.442,3.78,4.207,4.8,3.746,3.987,4.39,3.492,3.531,2.679,2.26,3.235,3.075,3.172,3.164,2.899,2.435,2.917,3.64,3.132,4.067,3.789,3.987,2.935,2.52,2.196,2.991,2.107,2.106,1.561,2.877,2.013,2.383,3.353,3.467,3.394,12.003,12.014,12.591,17.869,16.69,16.675,15.08,14.919,13.693,11.299,11.19,9.183,7.531,9.523,8.382,7.35,7.365,6.099,5.805,6.202,6.025,5.299,4.176,4.505,4.438,4.315,5.079,4.169,4.912,5.911,4.788,3.148,3.453,4.494,3.588,5.269,5.799,4.98,4.621,3.683,4.51,5.215,4.154,3.62,4.359,4.227,3.911,3.726,2.677,2.35,3.49,3.965,3.154,3.284,2.856,3.429,3.282,3.004,3.711,3.632,3.562,3.735,2.863,3.161,3.942,3.622,3.226,3.085,2.364,0.671,0,0,0,0,0,0,0,0,0,0,0,0,0,0,0,0,0,0,0,0,0,0,0,0,0,0,0,0,0,0,0,0,0,0,0,0,0,0,0,0,0,0,0,0,0,0,0,0,0,0,0,0
C57BL/6J,11,13.234,7.658,8.205,8.213,8.864,8.299,7.543,6.534,8.235,8.029,6.093,6.374,4.87,5.333,5.125,4.476,4.401,4.611,4.32,3.872,3.716,3.903,5.398,3.553,3.648,4.66,4.335,5.257,2.643,2.726,2.937,2.908,2.29,2.828,4.572,3.883,2.668,3.316,2.782,2.982,2.466,2.836,2.078,2.469,2.948,3.349,2.871,2.035,2.714,3.221,2.635,2.903,2.229,2.47,2.688,2.731,2.406,2.168,1.846,5.809,14.797,5.848,6.337,5.44,6.058,6.282,5.093,5.186,4.817,5.623,5.628,3.948,3.919,2.285,1.595,2.277,1.553,2.472,3.17,2.66,3.131,3.333,3.224,1.869,2.297,1.765,1.424,1.028,2.121,2.222,1.215,1.246,1.768,2.083,1.703,1.617,2.114,2.9,2.463,2.026,2.51,2.194,2.388,2.198,1.912,1.659,1.462,1.89,2.539,2.245,1.921,1.623,1.447,1.507,1.68,1.189,1.729,1.852,1.8,1.133,1.978,2.36,2.629,3.865,3.863,2.849,3.372,4.309,2.253,0.818,0,0,0,0,0,0,0,0,0,0,0,0,0,0,0,0,0,0,0,0,0,0,0,0,0,0,0,0,0,0,0,0,0,0,0,0,0,0,0,0,0,0,0,0,0,0,0,0,0,0,0
C57BL/6J,12,14.858,9.792,9.227,9.333,9.214,9.479,8.466,7.758,8.022,6.304,7.044,7.008,6.809,7.187,6.399,5.243,6.088,5.951,5.452,6.401,4.965,4.873,3.444,4.273,5.547,4.963,4.289,5.648,5.774,5.265,4.88,3.791,3.377,3.884,4.88,5.521,2.729,3.955,5.105,4.693,4.502,4.757,3.445,2.99,2.962,2.628,3.871,4.404,3.204,2.11,2.373,2.096,2.116,3.307,4.454,4.302,3.782,3.63,3.211,6.225,19.268,15.953,21.717,22.427,23.172,21.544,20.77,18.226,15.129,15.426,11.998,11.618,11.754,11.005,10.509,11.057,9.487,9.968,9.15,7.902,7.25,8.132,6.177,5.055,5.586,6.799,6.91,5.83,5.256,5.484,5.665,6.538,6.234,5.907,6.381,6.36,6.984,6.038,5.385,5.561,4.615,4.813,3.639,3.742,3.946,4.413,2.94,2.628,2.69,2.91,3.606,2.61,2.477,3.69,2.652,2.676,1.414,2.062,1.854,2.041,2.443,2.926,3.503,1.954,2.182,2.635,3.027,2.837,2.464,1.679,0,0,0,0,0,0,0,0,0,0,0,0,0,0,0,0,0,0,0,0,0,0,0,0,0,0,0,0,0,0,0,0,0,0,0,0,0,0,0,0,0,0,0,0,0,0,0,0,0,0,0
C57BL/6J,13,2.76,9.271,8.675,8.66,9.276,9.225,7.976,7.102,7.333,6.926,5.87,5.509,6.175,6.027,5.173,6.454,5.728,6.418,5.79,5.595,4.07,5.817,5.72,5.814,5.191,5.122,4.782,4.706,4.798,6.331,5.108,5.808,6.246,5.614,6.114,5.739,6.178,4.778,4.531,5.063,5.294,4.826,5.5,4.646,5.66,4.625,5.27,5.87,5.634,4.17,3.213,3.369,3.225,5.182,3.475,4.611,6.555,6.188,5.567,10.651,14.812,15.744,18.91,20.058,21.699,21.655,19.834,17.526,14.464,15.189,16.473,17.353,16.497,14.919,12.864,12.82,13.989,12.492,12.03,11.984,10.607,9.469,8.645,8.115,8.65,9.234,9.491,9.436,8.744,9.531,7.73,7.263,6.899,5.876,5.504,5.236,6.309,7.049,7.665,7.04,6.57,6.504,5.775,4.644,3.457,4.092,5.54,5.458,4.653,5.036,5.222,5.142,4.87,4.637,5.532,4.798,3.672,5.127,4.957,5.905,4.272,4.178,4.624,5.021,3.419,3.472,2.56,3.583,3.573,1.013,0,0,0,0,0,0,0,0,0,0,0,0,0,0,0,0,0,0,0,0,0,0,0,0,0,0,0,0,0,0,0,0,0,0,0,0,0,0,0,0,0,0,0,0,0,0,0,0,0,0,0
C57BL/6NJ,1,4.848,5.126,5.585,5.48,5.081,5.323,5.627,5.73,5.183,4.34,5.646,5.222,5.376,5.209,5.242,4.585,4.424,4.758,5.63,5.493,5.317,4.793,3.735,4.843,4.063,4.751,5.273,4.71,4.042,4.419,4.921,4.677,3.679,4.768,5.502,4.508,4.661,4.226,4.457,4.848,4.502,4.568,4.478,4.889,5.714,6.267,6.513,6.73,6.427,6.438,6.238,5.893,5.437,5.3,3.353,4.971,5.487,5.932,5.454,6.506,11.695,6.437,3.714,3.422,3.638,3.347,3.776,4.388,4.141,4.784,4.084,4.147,3.293,3.38,3.554,2.979,2.964,3.243,3.503,3.434,2.76,3.322,3.085,3.713,3.939,3.685,2.79,2.656,3.153,2.666,2.46,3.312,3.847,2.886,4.326,4.776,4.517,4.157,4.395,3.79,3.902,3.823,3.447,2.203,2.199,2.541,3.144,3.557,2.97,1.914,2.047,2.356,2.354,3.316,3.696,4.12,4.187,4.017,3.75,3.448,3.047,3.159,3.27,3.506,4.221,4.399,3.994,1.328,0,0,0,0,0,0,0,0,0,0,0,0,0,0,0,0,0,0,0,0,0,0,0,0,0,0,0,0,0,0,0,0,0,0,0,0,0,0,0,0,0,0,0,0,0,0,0,0,0,0,0,0,0
C57BL/6NJ,2,6.176,6.193,6.316,5.853,5.646,6.532,6.188,5.365,5.488,5.69,4.955,3.983,5.123,4.23,4.853,5.081,5.505,5.032,5.343,4.967,4.887,3.221,4.463,4.32,4.267,3.733,4.013,5.011,4.659,5.59,6.548,7.165,7.272,7.046,6.315,5.666,5.538,4.935,4.114,4.382,3.837,3.699,3.217,4.247,3.559,4.395,5.013,4.679,5.326,4.977,5.491,4.206,5.551,6.649,6.344,5.921,5.378,5.781,4.049,5.226,12.057,4.247,3.421,3.892,3.272,3.092,3.716,3.93,3.238,2.247,2.262,2.47,2.579,1.916,2.542,2.695,2.475,3.458,2.874,2.353,2.116,2.37,2.096,1.783,2.401,2.512,2.826,3.573,3.152,3.832,4.09,4.001,4.597,4.59,3.987,3.812,3.529,3.061,3.54,3.359,2.634,2.629,1.638,1.459,1.076,1.77,1.949,1.973,2.002,2.143,2.695,2.802,2.217,2.396,2.037,2.256,2.523,3.206,4.246,3.433,3.118,3.382,3.74,4.958,3.905,2.611,1.861,0.183,0,0,0,0,0,0,0,0,0,0,0,0,0,0,0,0,0,0,0,0,0,0,0,0,0,0,0,0,0,0,0,0,0,0,0,0,0,0,0,0,0,0,0,0,0,0,0,0,0,0,0,0,0
C57BL/6NJ,3,7.108,7.032,7.231,7.013,6.558,6.821,7.126,7.032,6.65,6.634,6.048,6.916,6.204,6.326,6.164,4.195,3.674,3.72,3.766,3.888,4.387,5.285,4.321,3.867,3.836,3.218,3.497,2.366,2.444,3.404,3.403,2.891,3.534,3.624,2.856,3.145,3.748,3.487,4.069,4.872,4.378,3.806,2.327,2.667,2.891,2.757,2.866,2.255,3.075,3.126,4.362,3.986,2.618,4.52,6.321,4.292,5.39,5.623,5.849,6.309,12.761,7.149,2.751,3.258,4.542,4.968,4.466,3.525,3.52,3.15,3.056,2.957,3.083,2.862,2.972,2.837,3.08,3.254,1.789,1.93,1.979,1.9,1.443,1.932,2.09,1.967,2.102,2.353,2.36,2.457,3.693,4.109,4.362,4.054,3.387,3.79,3.839,3.976,3.865,4.168,3.833,3.361,3.031,1.983,1.778,0.851,1.239,1.504,2.239,2.586,2.052,1.907,2.558,2.527,2.75,1.258,1.734,1.739,1.75,1.65,1.945,2.593,3.677,3.731,4.146,3.771,3.688,0.411,0,0,0,0,0,0,0,0,0,0,0,0,0,0,0,0,0,0,0,0,0,0,0,0,0,0,0,0,0,0,0,0,0,0,0,0,0,0,0,0,0,0,0,0,0,0,0,0,0,0,0,0,0
C57BL/6NJ,4,6.797,7.853,7.358,7.311,7.466,6.761,6.753,6.033,7.313,5.982,5.478,5.511,6.302,4.684,5.682,4.733,5.569,5.958,6.004,5.545,5.528,6.155,5.89,6.688,5.421,6.126,6.042,5.307,4.443,5.313,4.546,5.877,6.731,6.504,5.462,5.223,4.724,5.54,6.151,6.08,6.044,7.484,6.052,6.507,5.407,5.62,4.96,4.692,3.441,3.289,4.142,3.564,4.735,4.575,5.422,5.309,6.437,4.884,4.364,8.403,11.994,4.681,5.045,5.318,4.839,4.692,3.632,4.535,3.795,3.708,3.783,3.875,4.515,4.726,4.121,3.563,3.86,5.636,4.816,5.089,5.064,3.634,2.321,3.501,2.884,3.042,3.105,2.117,2.116,2.146,2.02,2.181,2.733,2.649,2.857,2.168,2.075,1.923,2.774,3.411,3.51,3.276,2.559,2.959,2.776,3.924,2.804,2.427,2.641,2.419,3.515,4.297,4.321,3.679,2.542,3.42,3.356,2.314,1.793,2.267,2.431,2.868,3.214,2.62,4.176,3.921,1.829,1.005,0,0,0,0,0,0,0,0,0,0,0,0,0,0,0,0,0,0,0,0,0,0,0,0,0,0,0,0,0,0,0,0,0,0,0,0,0,0,0,0,0,0,0,0,0,0,0,0,0,0,0,0,0
C57BL/6NJ,5,8.924,8.479,9.393,8.401,7.335,7.308,6.751,5.791,6.516,6.879,5.877,4.982,4.599,5.339,5.378,4.245,3.977,4.184,4.587,5.667,5.31,4.685,4.022,4.636,4.339,3.532,4.935,5.06,4.372,4.057,3.775,3.402,3.825,3.219,3.309,3.497,3.564,4.309,3.485,2.999,3.31,2.223,3.863,3.244,3.137,3.156,2.648,2.36,1.561,1.648,2.113,3.335,3.635,3.745,3.685,4.28,4.583,5.229,5.216,8.309,16.959,3.933,2.693,3.296,3.566,4.254,4.961,5.316,5.674,6.522,6.142,6.692,5.495,4.071,4.479,4.082,4.421,3.536,2.71,3.204,3.162,4.229,5.797,4.794,4.233,3.982,4.084,2.968,2.852,3.766,3.285,4.708,5.381,5.783,5.141,5.406,5.657,5.609,4.803,3.444,3.823,3.276,3.387,3.211,3.152,3.405,2.939,2.951,4.328,5.091,4.364,3.92,3.257,2.804,1.914,2.382,2.328,2.635,3.873,5.419,5.255,5.167,5.291,5.136,4.433,3.551,3.39,2.848,0,0,0,0,0,0,0,0,0,0,0,0,0,0,0,0,0,0,0,0,0,0,0,0,0,0,0,0,0,0,0,0,0,0,0,0,0,0,0,0,0,0,0,0,0,0,0,0,0,0,0,0,0
C57BL/6NJ,6,7.582,7.914,7.985,7.877,6.425,7.728,7.469,5.846,6.763,6.458,5.057,5.562,4.925,6.578,6.647,5.064,5.309,5.016,5.238,5.51,5.308,4.526,4.787,5.011,4.487,3.089,4.268,5.21,6.059,4.143,5.312,4.518,4.003,4.022,5.072,5.306,5.414,5.761,5.17,4.537,4.508,2.831,4.598,4.243,4.82,4.486,4.48,4.99,6.244,4.566,3.927,3.249,2.798,3.399,3.721,4.756,3.499,4.106,3.516,3.982,16.365,8.197,7.492,8.62,9.732,9.481,7.829,8.488,8.931,9.32,8.788,9.619,8.978,8.074,8.245,7.388,7.385,7.843,6.733,6.89,7.433,5.478,5.977,6.484,6.447,7.02,7.266,7.688,7.812,6.916,6.799,5.393,6.218,6.106,7.124,4.572,3.897,3.415,4.117,5.362,5.045,4.675,4.239,4.999,2.589,2.566,5.3,6.106,5.042,4.966,3.932,4.89,4.272,4.357,4.669,5.798,4.914,5.921,5.137,6.152,3.324,3.954,4.225,4.75,3.751,4.357,4.93,3.012,0,0,0,0,0,0,0,0,0,0,0,0,0,0,0,0,0,0,0,0,0,0,0,0,0,0,0,0,0,0,0,0,0,0,0,0,0,0,0,0,0,0,0,0,0,0,0,0,0,0,0,0,0
C57BL/6NJ,7,9.047,8.497,8.62,8.433,6.259,6.412,7.074,7.155,7.4,6.172,6.591,6.011,5.987,6.093,4.492,4.498,3.96,4.087,5.411,5.512,5.336,4.965,5.034,5.276,4.788,4.761,4.656,4.992,6,6.255,6.645,5.619,4.59,5.026,4.957,4.883,4.25,3.391,3.412,4.26,4.408,3.212,3.23,3.342,3.483,3.928,4.498,4.983,5.224,4.886,4.756,5.004,3.53,4.902,4.272,3.292,4.233,5.674,4.508,6.695,11.565,12.973,11.266,13.501,12.865,12.272,10.525,11.777,10.719,11.552,10.081,8.16,8.032,8.209,9.316,9.251,9.019,7.457,7.756,6.767,3.612,4.061,4.206,5.766,5.733,6.47,5.324,4.755,4.469,4.412,4.06,4.461,4.609,4.344,5.001,5.219,5.616,4.593,4.068,3.764,4.338,4.762,4.031,4.341,4.771,4.932,4.873,3.41,4.675,5.498,4.215,4.41,4.83,3.119,2.792,3.256,3.266,3.259,3.847,4.244,3.763,3.41,2.632,2.356,2.035,3.358,3.849,0.036,0,0,0,0,0,0,0,0,0,0,0,0,0,0,0,0,0,0,0,0,0,0,0,0,0,0,0,0,0,0,0,0,0,0,0,0,0,0,0,0,0,0,0,0,0,0,0,0,0,0,0,0,0
C57BL/6NJ,8,8.227,9.299,7.848,7.851,7.954,6.921,6.956,6.306,5.633,6.325,6.003,4.962,6.345,6.187,5.959,5.343,4.897,4.848,5.673,5.361,4.651,3.941,5.779,5.406,4.115,4.145,3.996,5.545,4.671,4.218,3.736,3.209,3.033,3.497,3.656,3.968,3.19,3.715,3.439,3.504,3.974,3.758,2.933,2.657,3.883,3.729,3.062,3.669,3.14,4.122,4.893,5.078,3.849,4.41,4.668,3.539,3.779,3.737,4.542,5.292,12.337,7.103,11.58,14.239,13.311,12.982,12.024,13.211,12.297,11.144,10.585,10.642,10.808,10.277,10.119,9.753,9.298,9.432,8.641,8.176,8.642,8.61,7.667,7.838,7.083,6.666,5.709,5.553,5.958,5.269,5.513,6.1,5.491,5.985,5.831,5.619,5.862,5.62,5.203,5.048,4.453,4.827,5.908,4.151,4.646,3.938,3.71,4.634,4.267,4.833,3.571,3.511,4.486,3.856,4.466,3.709,3.157,2.331,2.992,3.362,4.113,4.469,3.947,4.505,4.486,4.73,3.989,1.363,0,0,0,0,0,0,0,0,0,0,0,0,0,0,0,0,0,0,0,0,0,0,0,0,0,0,0,0,0,0,0,0,0,0,0,0,0,0,0,0,0,0,0,0,0,0,0,0,0,0,0,0,0
C57BL/6NJ,9,9.468,9.605,9.267,7.393,8.571,7.826,8.076,7.923,8.035,5.658,6.035,6.008,6.589,5.32,6.267,6.332,5.831,5.439,4.756,5.223,6.127,6.169,5.725,4.277,4.459,4.405,5.181,4.675,4.025,4.792,3.766,4.628,5.411,3.501,4.905,3.276,2.719,5.41,5.083,6.17,7.432,7.363,6.813,7.262,7.421,7.204,5.515,5.297,4.777,5.312,4.789,3.667,3.874,4.317,2.876,3.868,4.511,4.498,4.547,8.082,13.744,11.666,14.598,16.894,16.016,14.64,13.63,13.433,10.828,11.318,10.691,11.127,11.508,9.344,7.977,8.605,9.476,6.319,5.754,4.996,3.371,5.624,6.333,6.358,5.321,4.862,6.28,6.069,6.796,6.006,4.534,4.955,4.441,4.676,3.702,4.35,3.786,4.242,3.325,3.346,2.726,2.958,3.977,3.8,3.804,3.458,3.73,4.106,3.32,3.135,3.25,3.333,2.936,3.2,3.959,3.571,3.071,4.05,5.463,6.297,5.576,4.387,3.796,3.704,3.232,3.237,4.159,1.643,0,0,0,0,0,0,0,0,0,0,0,0,0,0,0,0,0,0,0,0,0,0,0,0,0,0,0,0,0,0,0,0,0,0,0,0,0,0,0,0,0,0,0,0,0,0,0,0,0,0,0,0,0
C57BL/6NJ,10,9.774,9.38,9.727,7.66,7.078,8.644,8.147,6.183,6.258,6.283,5.973,5.599,6.423,6.168,4.703,4.636,5.456,5.004,5.213,5.13,4.453,3.377,5,3.3,4.627,5.116,5.01,3.57,2.764,2.976,3.627,3.754,3.374,4.245,4.723,5.038,4.177,4.004,3.454,3.632,3.688,2.75,2.824,2.969,3.7,3.866,3.733,2.53,3.77,2.267,2.193,2.385,3.698,4.043,4.781,5.276,3.82,4.595,3.296,4.841,13.343,8.079,11.744,13.58,14.78,14.465,13.442,12.463,11.15,11.228,10.353,10.463,8.813,7.872,7.189,8.198,7.601,6.942,7.302,7.143,6.806,5.227,4.893,4.429,3.303,3.571,3.527,2.443,3.53,3.062,2.506,3.245,3.165,2.467,2.929,3.231,2.12,2.778,3.186,3.114,3.099,4.211,4.553,3.473,3.939,4.019,3.86,2.939,2.782,4.118,3.177,3.803,2.933,2.017,2.79,3.165,3.746,3.933,4.741,4.919,4.699,5.631,4.788,5.047,4.532,3.812,3.474,1.54,0,0,0,0,0,0,0,0,0,0,0,0,0,0,0,0,0,0,0,0,0,0,0,0,0,0,0,0,0,0,0,0,0,0,0,0,0,0,0,0,0,0,0,0,0,0,0,0,0,0,0,0,0
C57BL/6NJ,11,10.141,9.636,10.461,9.358,8.368,9.932,9.96,8.73,6.648,6.94,5.979,6.387,6.073,6.91,6.75,5.428,4.955,5.85,5.035,4.267,4.971,5.143,4.703,5.506,5.452,5.128,4.07,5.12,3.976,4.579,3.097,3.508,3.497,2.851,2.06,3.242,3.69,4.454,2.389,3.549,4.375,3.623,4.244,4.264,3.466,3.644,2.398,3.527,3.889,3.402,3.31,3.005,2.881,2.485,1.746,2.333,3.402,4.232,4.939,6.23,14.325,7.965,6.782,7.522,8.697,7.315,7.186,5.787,6.34,6.311,6.141,3.397,3.441,4.175,4.196,3.624,5.371,4.569,3.011,3.199,3.762,3.903,3.818,2.164,2.7,1.759,1.883,2.099,2.715,3.744,2.111,1.516,1.559,1.556,2.386,3.047,3.495,5.092,4.858,4.116,4.052,4.976,4.951,3.802,2.933,3.568,3.241,2.951,2.376,2.287,2.22,1.264,1.848,2.564,2.514,2.882,2.742,2.665,3.23,4.15,5.256,5.24,4.751,4.557,4.331,2.635,4.06,4.294,0,0,0,0,0,0,0,0,0,0,0,0,0,0,0,0,0,0,0,0,0,0,0,0,0,0,0,0,0,0,0,0,0,0,0,0,0,0,0,0,0,0,0,0,0,0,0,0,0,0,0,0,0
C57BL/6NJ,12,8.845,8.546,8.253,7.898,6.896,5.942,5.982,6.356,6.365,5.476,5.482,4.482,5.618,5.103,5.255,4.571,4.877,3.222,4.291,3.99,3.728,3.44,3.611,4.453,3.23,3.903,3.103,1.46,2.144,2.43,3.487,3.388,3.887,4.659,3.556,3.831,4.144,4.717,2.44,3.312,3.091,2.677,3.288,4.373,3.983,2.801,1.712,1.891,1.223,1.757,2.834,2.77,4.066,3.755,3.363,3.821,3.42,3.441,4.1,6.823,19.842,10.326,12.414,16.123,16.509,15.213,15.24,14.817,13.471,12.489,11.96,9.451,10.154,8.553,9.999,9.516,9.532,9.4,8.776,6.642,7.214,9.397,7.698,7.599,7.769,7.029,5.853,4.424,6.983,7.451,7.475,8.437,8.007,7.519,7.574,7.467,7.387,6.918,6.345,5.864,5.048,4.138,4.461,5.95,4.726,4.052,5.091,5.238,4.18,4.149,3.86,3.142,3.927,3.602,3.983,5.672,5.133,3.453,2.603,3.412,3.516,2.797,3.3,3.249,5.503,4.685,4.725,5.663,0.893,0,0,0,0,0,0,0,0,0,0,0,0,0,0,0,0,0,0,0,0,0,0,0,0,0,0,0,0,0,0,0,0,0,0,0,0,0,0,0,0,0,0,0,0,0,0,0,0,0,0,0,0
C57BL/6NJ,13,9.502,8.582,8.073,7.598,6.107,7.112,6.776,7.59,6,6.734,6.322,6.007,6.554,7.69,6.167,6.513,4.315,4.415,4.719,5.272,5.547,5.806,4.644,3.813,4.206,5.065,4.674,5.057,6.099,7.017,5.931,5.53,4.977,4.993,5.381,4.731,4.465,5.432,5.464,5.253,4.36,5.292,4.524,5.751,4.141,3.692,2.908,4.137,3.792,3.864,2.741,4.96,6.072,4.799,4.189,4.663,3.3,3.337,4.338,4.63,18.54,8.548,12.82,12.072,14.13,13.231,13.099,9.653,10.358,10.581,10.289,10.532,9.942,10.145,9.692,9.255,9.052,9.121,8.891,8.748,8.525,8.228,7.683,7.999,7.653,7.19,7.781,7.486,7.028,7.085,6.19,6.578,6.546,6.632,7.072,7.886,7.235,6.878,5.822,5.147,5.941,5.905,6.122,6.386,4.362,3.572,3.525,3.894,5.524,4.156,3.573,4.805,4.561,4.036,4.316,5.088,4.572,5.143,4.339,4.901,5.034,5.635,5.587,4.573,4.74,3.431,4.598,5.318,1.944,0,0,0,0,0,0,0,0,0,0,0,0,0,0,0,0,0,0,0,0,0,0,0,0,0,0,0,0,0,0,0,0,0,0,0,0,0,0,0,0,0,0,0,0,0,0,0,0,0,0,0,0
